1,zp31l0236ms0101,4U CC GRR,491106,Maintenance,GDC,Loganville - GRR,Travertine Falls,Grand Ridge,TBD
2,zp31l0236ms0102,4U CC GRR,493589,Maintenance,GDC,Loganville - GRR,Travertine Falls,Grand Ridge,TBD
3,zp31l0236ms0103,4U CC GRR,493592,Maintenance,GDC,Loganville - GRR,Travertine Falls,Grand Ridge,TBD
4,zp31l0236ms0104,4U CC GRR,493593,Maintenance,GDC,Loganville - GRR,Travertine Falls,Grand Ridge,TBD
5,zp31l0236ms0105,4U CC GRR,493594,Maintenance,GDC,Loganville - GRR,Travertine Falls,Grand Ridge,TBD
6,zp31l0236ms0106,4U CC GRR,493595,Maintenance,GDC,Loganville - GRR,Travertine Falls,Grand Ridge,TBD
7,zp31l0236ms0107,4U CC GRR,493596,Maintenance,GDC,Loganville - GRR,Travertine Falls,Grand Ridge,TBD
8,zp31l0236ms0201,4U CC GRR,493597,Maintenance,GDC,Loganville - GRR,Travertine Falls,Grand Ridge,TBD
9,zp31l0236ms0202,4U CC GRR,493598,Maintenance,GDC,Loganville - GRR,Travertine Falls,Grand Ridge,TBD
10,zp31l0236ms0203,4U CC GRR,493599,Maintenance,GDC,Loganville - GRR,Travertine Falls,Grand Ridge,TBD
11,zp31l0236ms0204,4U CC GRR,493600,Maintenance,GDC,Loganville - GRR,Travertine Falls,Grand Ridge,TBD
12,zp31l0236ms0205,4U CC GRR,493601,Maintenance,GDC,Loganville - GRR,Travertine Falls,Grand Ridge,TBD
13,zp31l0236ms0206,4U CC GRR,493602,Maintenance,GDC,Loganville - GRR,Travertine Falls,Grand Ridge,TBD
14,zp31l0236ms0207,4U CC GRR,493603,Maintenance,GDC,Loganville - GRR,Travertine Falls,Grand Ridge,TBD
15,zp31l0236ms0301,4U CC GRR,493604,Maintenance,GDC,Loganville - GRR,Travertine Falls,Grand Ridge,TBD
16,zp31l0236ms0302,4U CC GRR,493605,Maintenance,GDC,Loganville - GRR,Travertine Falls,Grand Ridge,TBD
17,zp31l0236ms0303,4U CC GRR,493607,Maintenance,GDC,Loganville - GRR,Travertine Falls,Grand Ridge,TBD
18,zp31l0236ms0304,4U CC GRR,493608,Maintenance,GDC,Loganville - GRR,Travertine Falls,Grand Ridge,TBD
19,zp31l0236ms0305,4U CC GRR,493609,Maintenance,GDC,Loganville - GRR,Travertine Falls,Grand Ridge,TBD
20,zp31l0236ms0306,4U CC GRR,493610,Maintenance,GDC,Loganville - GRR,Travertine Falls,Grand Ridge,TBD
21,zp31l0236ms0307,4U CC GRR,493611,Maintenance,GDC,Loganville - GRR,Travertine Falls,Grand Ridge,TBD
22,zp31l0236ms0401,4U CC GRR,493612,Maintenance,GDC,Loganville - GRR,Travertine Falls,Grand Ridge,TBD
23,zp31l0236ms0402,4U CC GRR,493613,Maintenance,GDC,Loganville - GRR,Travertine Falls,Grand Ridge,TBD
24,zp31l0236ms0403,4U CC GRR,493614,Maintenance,GDC,Loganville - GRR,Travertine Falls,Grand Ridge,TBD
25,zp31l0236ms0404,4U CC GRR,493615,Maintenance,GDC,Loganville - GRR,Travertine Falls,Grand Ridge,TBD
26,zp31l0236ms0405,4U CC GRR,493616,Maintenance,GDC,Loganville - GRR,Travertine Falls,Grand Ridge,TBD
27,zp31l0236ms0406,4U CC GRR,493617,Maintenance,GDC,Loganville - GRR,Travertine Falls,Grand Ridge,TBD
28,zp31l0236ms0407,4U CC GRR,493618,Maintenance,GDC,Loganville - GRR,Travertine Falls,Grand Ridge,TBD
29,zp31l0236ms0501,4U CC GRR,493619,Maintenance,GDC,Loganville - GRR,Travertine Falls,Grand Ridge,TBD
30,zp31l0236ms0502,4U CC GRR,493620,Maintenance,GDC,Loganville - GRR,Travertine Falls,Grand Ridge,TBD
31,zp31l0236ms0503,4U CC GRR,493621,Maintenance,GDC,Loganville - GRR,Travertine Falls,Grand Ridge,TBD
32,zp31l0236ms0504,4U CC GRR,493622,Maintenance,GDC,Loganville - GRR,Travertine Falls,Grand Ridge,TBD
33,zp31l0236ms0505,4U CC GRR,493623,Maintenance,GDC,Loganville - GRR,Travertine Falls,Grand Ridge,TBD
34,zp31l0236ms0506,4U CC GRR,493624,Maintenance,GDC,Loganville - GRR,Travertine Falls,Grand Ridge,TBD
35,zp31l0236ms0507,4U CC GRR,493625,Maintenance,GDC,Loganville - GRR,Travertine Falls,Grand Ridge,TBD
36,zp31l0236ms0601,4U CC GRR,493626,Maintenance,GDC,Loganville - GRR,Travertine Falls,Grand Ridge,TBD
37,zp31l0236ms0602,4U CC GRR,493627,Maintenance,GDC,Loganville - GRR,Travertine Falls,Grand Ridge,TBD
38,zp31l0236ms0603,4U CC GRR,493628,Maintenance,GDC,Loganville - GRR,Travertine Falls,Grand Ridge,TBD
39,zp31l0236ms0604,4U CC GRR,493629,Maintenance,GDC,Loganville - GRR,Travertine Falls,Grand Ridge,TBD
40,zp31l0236ms0605,4U CC GRR,493630,Maintenance,GDC,Loganville - GRR,Travertine Falls,Grand Ridge,TBD
41,zp31l0236ms0606,4U CC GRR,493631,Maintenance,GDC,Loganville - GRR,Travertine Falls,Grand Ridge,TBD
42,zp31l0236ms0607,4U CC GRR,493632,Maintenance,GDC,Loganville - GRR,Travertine Falls,Grand Ridge,TBD
43,zp31l0236ms0701,4U CC GRR,493633,Maintenance,GDC,Loganville - GRR,Travertine Falls,Grand Ridge,TBD
44,zp31l0236ms0702,4U CC GRR,493634,Maintenance,GDC,Loganville - GRR,Travertine Falls,Grand Ridge,TBD
45,zp31l0236ms0703,4U CC GRR,493635,Maintenance,GDC,Loganville - GRR,Travertine Falls,Grand Ridge,TBD
46,zp31l0236ms0704,4U CC GRR,493636,Maintenance,GDC,Loganville - GRR,Travertine Falls,Grand Ridge,TBD
47,zp31l0236ms0705,4U CC GRR,493637,Maintenance,GDC,Loganville - GRR,Travertine Falls,Grand Ridge,TBD
48,zp31l0236ms0706,4U CC GRR,493638,Maintenance,GDC,Loganville - GRR,Travertine Falls,Grand Ridge,TBD
49,zp31l0236ms0707,4U CC GRR,493639,Maintenance,GDC,Loganville - GRR,Travertine Falls,Grand Ridge,TBD
50,zp31l0236ms0801,4U CC GRR,493640,Maintenance,GDC,Loganville - GRR,Travertine Falls,Grand Ridge,TBD
51,zp31l0232ms0701,4U CC Whitley,1516,Online,GDC,Whitley,Wilson City,Ice Lake,Server Security Technology
52,zp31l0232ms0702,4U CC Whitley,1587,Online,GDC,Whitley,Wilson City,Ice Lake,PAIV
53,zp31l0232ms0703,4U CC Whitley,1258,Online,GDC,Whitley,Wilson City,Ice Lake,ICX IPU
54,zp31l0232ms0704,4U CC Whitley,1519,Online,GDC,Whitley,Wilson City,Ice Lake,SSE
55,zp31l0232ms0705,4U CC Whitley,1520,Online,GDC,Whitley,Wilson City,Ice Lake,NPG
56,zp31l0232ms0801,4U CC Whitley,1260,Online,GDC,Whitley,Wilson City,Ice Lake,ICX IPU
57,zp31l0232ms0802,4U CC Whitley,1512,Online,GDC,Whitley,Wilson City,Ice Lake,TBD
58,zp31l0232ms0803,4U CC Whitley,1513,Online,GDC,Whitley,Wilson City,Ice Lake,FID
59,zp31l0232ms0804,4U CC Whitley,1514,Online,GDC,Whitley,Wilson City,Ice Lake,DSSA
60,zp31l0232ms0805,4U CC Whitley,1515,Online,GDC,Whitley,Wilson City,Ice Lake,Seamless
61,zp31l0232ms0901,4U CC Whitley,1494,Online,GDC,Whitley,Wilson City,Ice Lake,PSD
62,zp31l0232ms0902,4U CC Whitley,1495,Online,GDC,Whitley,Wilson City,Ice Lake,NPG
63,zp31l0232ms0903,4U CC Whitley,1496,Online,GDC,Whitley,Wilson City,Ice Lake,PAIV
64,zp31l0232ms0904,4U CC Whitley,1497,Online,GDC,Whitley,Wilson City,Ice Lake,Seamless
65,zp31l0232ms0905,4U CC Whitley,1583,Online,GDC,Whitley,Wilson City,Ice Lake,PAIV
66,zp31l0232ms1001,4U CC Whitley,1489,Online,GDC,Whitley,Wilson City,Ice Lake,ICX IPU
67,zp31l0232ms1002,4U CC Whitley,1490,Online,GDC,Whitley,Wilson City,Ice Lake,Seamless
68,zp31l0232ms1003,4U CC Whitley,1491,Online,GDC,Whitley,Wilson City,Ice Lake,GOLDEN RASP support
69,zp31l0232ms1004,4U CC Whitley,1492,Online,GDC,Whitley,Wilson City,Ice Lake,IPU
70,zp31l0232ms1005,4U CC Whitley,1493,Online,GDC,Whitley,Wilson City,Ice Lake,SSE
71,zp31l0232ms1101,4U CC Whitley,1476,Online,GDC,Whitley,Wilson City,Ice Lake,Seamless
72,zp31l0232ms1102,4U CC Whitley,1477,Online,GDC,Whitley,Wilson City,Ice Lake,TBD
73,zp31l0232ms1103,4U CC Whitley,1585,Online,GDC,Whitley,Wilson City,Ice Lake,ICX IPU
74,zp31l0232ms1104,4U CC Whitley,1479,Online,GDC,Whitley,Wilson City,Ice Lake,PAIV
75,zp31l0232ms1105,4U CC Whitley,1250,Online,GDC,Whitley,Wilson City,Ice Lake,CESG
76,zp31l0232ms1201,4U CC Whitley,1471,Online,GDC,Whitley,Wilson City,Ice Lake,Seamless
77,zp31l0232ms1202,4U CC Whitley,1472,Online,GDC,Whitley,Wilson City,Ice Lake,Server Security Technology
78,zp31l0232ms1203,4U CC Whitley,1582,Online,GDC,Whitley,Wilson City,Ice Lake,TBD
79,zp31l0232ms1204,4U CC Whitley,1474,Online,GDC,Whitley,Wilson City,Ice Lake,ICX IPU
80,zp31l0232ms1205,4U CC Whitley,1475,Online,GDC,Whitley,Wilson City,Ice Lake,Seamless
81,zp31l0232ms1301,4U CC Whitley,1256,Online,GDC,Whitley,Wilson City,Ice Lake,ICX IPU
82,zp31l0232ms1302,4U CC Whitley,1590,Online,GDC,Whitley,Wilson City,Ice Lake,Seamless
83,zp31l0232ms1303,4U CC Whitley,1581,Online,GDC,Whitley,Wilson City,Ice Lake,Seamless
84,zp31l0232ms1304,4U CC Whitley,1716,Online,GDC,Whitley,Wilson City,Ice Lake,Seamless
85,zp31l0232ms1305,4U CC Whitley,1714,Online,GDC,Whitley,Wilson City,Ice Lake,Seamless
86,zp31l0232ms1401,4U CC Whitley,1591,Online,GDC,Whitley,Wilson City,Ice Lake,Seamless
87,zp31l0232ms1402,4U CC Whitley,1246,Online,GDC,Whitley,Wilson City,Ice Lake,Seamless
88,zp31l0232ms1403,4U CC Whitley,1458,Online,GDC,Whitley,Wilson City,Ice Lake,Seamless
89,zp31l0232ms1404,4U CC Whitley,1580,Online,GDC,Whitley,Wilson City,Ice Lake,ICX IPU
90,zp31l0232ms1405,4U CC Whitley,1460,Online,GDC,Whitley,Wilson City,Ice Lake,ICX IPU
91,zp31l0232ms1501,4U CC Whitley,1586,Online,GDC,Whitley,Wilson City,Ice Lake,DCPAE
92,zp31l0232ms1502,4U CC Whitley,1567,Online,GDC,Whitley,Wilson City,Ice Lake,PAIV
93,zp31l0232ms1503,4U CC Whitley,1589,Online,GDC,Whitley,Wilson City,Ice Lake,ICX IPU
94,zp31l0232ms1504,4U CC Whitley,1572,Online,GDC,Whitley,Wilson City,Ice Lake,TBD
95,zp31l0232ms1505,4U CC Whitley,1573,Online,GDC,Whitley,Wilson City,Ice Lake,TBD
96,zp31l0232ms1601,4U CC Whitley,1417,Online,GDC,Whitley,Wilson City,Ice Lake,Seamless
97,zp31l0232ms1602,4U CC Whitley,1418,Online,GDC,Whitley,Wilson City,Ice Lake,ICX IPU
98,zp31l0232ms1603,4U CC Whitley,1419,Online,GDC,Whitley,Wilson City,Ice Lake,Seamless
99,zp31l0232ms1604,4U CC Whitley,1420,Online,GDC,Whitley,Wilson City,Ice Lake,Seamless
100,zp31l0232ms1605,4U CC Whitley,1421,online,GDC,Whitley,Wilson City,Ice Lake,Seamless
101,r001s001.zp31l10c01,4U CC EGS,4162,Online,GDC,EGS - SPR,Archer City,Sapphire Rapids,BKC
102,r001s002.zp31l10c01,4U CC EGS,4163,Maintenance,GDC,EGS - SPR,Archer City,Sapphire Rapids,IPU
103,r001s003.zp31l10c01,4U CC EGS,4164,Online,GDC,EGS - SPR,Archer City,Sapphire Rapids,IPU_DPMO
104,r001s004.zp31l10c01,4U CC EGS,4165,Online,GDC,EGS - SPR,Archer City,Sapphire Rapids,WSF validation
105,r001s005.zp31l10c01,4U CC EGS,4144,Online,GDC,EGS - SPR,Archer City,Sapphire Rapids,IPU
106,r001s006.zp31l10c01,4U CC EGS,4166,Online,GDC,EGS - SPR,Archer City,Sapphire Rapids,BKC
107,r001s007.zp31l10c01,4U CC EGS,4167,Online,GDC,EGS - SPR,Archer City,Sapphire Rapids,IPU
108,r002s001.zp31l10c01,4U CC EGS,4168,Online,GDC,EGS - SPR,Archer City,Sapphire Rapids,VEI
109,r002s002.zp31l10c01,4U CC EGS,4169,Online,GDC,EGS - SPR,Archer City,Sapphire Rapids,IPU_BKC
110,r002s003.zp31l10c01,4U CC EGS,4170,Online,GDC,EGS - SPR,Archer City,Sapphire Rapids,IPU_BKC
111,r002s004.zp31l10c01,4U CC EGS,4171,Maintenance,GDC,EGS - SPR,Archer City,Sapphire Rapids,IPU
112,r002s005.zp31l10c01,4U CC EGS,4172,Online,GDC,EGS - SPR,Archer City,Sapphire Rapids,VCE
113,r002s006.zp31l10c01,4U CC EGS,4173,Online,GDC,EGS - SPR,Archer City,Sapphire Rapids,PnP
114,r002s007.zp31l10c01,4U CC EGS,4174,Online,GDC,EGS - SPR,Archer City,Sapphire Rapids,IPU_DPMO
115,r003s001.zp31l10c01,4U CC EGS,4266,Online,GDC,EGS - SPR,Archer City,Sapphire Rapids,IPU
116,r003s002.zp31l10c01,4U CC EGS,4267,Online,GDC,EGS - SPR,Archer City,Sapphire Rapids,IPU
117,r003s003.zp31l10c01,4U CC EGS,4268,Online,GDC,EGS - SPR,Archer City,Sapphire Rapids,IPU
118,r003s004.zp31l10c01,4U CC EGS,4269,Maintenance,GDC,EGS - SPR,Archer City,Sapphire Rapids,IPU
119,r003s005.zp31l10c01,4U CC EGS,4270,Online,GDC,EGS - SPR,Archer City,Sapphire Rapids,IPU
120,r003s006.zp31l10c01,4U CC EGS,4271,Maintenance,GDC,EGS - SPR,Archer City,Sapphire Rapids,IPU
121,r003s007.zp31l10c01,4U CC EGS,4272,Online,GDC,EGS - SPR,Archer City,Sapphire Rapids,IPU
122,r004s001.zp31l10c01,4U CC EGS,4259,Online,GDC,EGS - SPR,Archer City,Sapphire Rapids,QAT_SW
123,r004s002.zp31l10c01,4U CC EGS,4260,Online,GDC,EGS - SPR,Archer City,Sapphire Rapids,IPU_DPMO
124,r004s003.zp31l10c01,4U CC EGS,4261,Maintenance,GDC,EGS - SPR,Archer City,Sapphire Rapids,IPU
125,r004s004.zp31l10c01,4U CC EGS,4262,Online,GDC,EGS - SPR,Archer City,Sapphire Rapids,IPU
126,r004s005.zp31l10c01,4U CC EGS,4263,Online,GDC,EGS - SPR,Archer City,Sapphire Rapids,PV-Interop
127,r004s006.zp31l10c01,4U CC EGS,4264,Online,GDC,EGS - SPR,Archer City,Sapphire Rapids,PV-Interop
128,r004s007.zp31l10c01,4U CC EGS,4265,Online,GDC,EGS - SPR,Archer City,Sapphire Rapids,IPU
129,r005s001.zp31l10c01,4U CC EGS,4196,Online,GDC,EGS - SPR,Archer City,Sapphire Rapids,CE support for Google
130,r005s002.zp31l10c01,4U CC EGS,4197,Online,GDC,EGS - SPR,Archer City,Sapphire Rapids,CCG/CPSA TDX PoC
131,r005s003.zp31l10c01,4U CC EGS,4198,Online,GDC,EGS - SPR,Archer City,Sapphire Rapids,PAE for Debug
132,r005s004.zp31l10c01,4U CC EGS,4199,Online,GDC,EGS - SPR,Archer City,Sapphire Rapids,IPU
133,r005s005.zp31l10c01,4U CC EGS,4200,Maintenance,GDC,EGS - SPR,Archer City,Sapphire Rapids,IPU
134,r005s006.zp31l10c01,4U CC EGS,4201,Online,GDC,EGS - SPR,Archer City,Sapphire Rapids,VEI
135,r005s007.zp31l10c01,4U CC EGS,4202,Online,GDC,EGS - SPR,Archer City,Sapphire Rapids,IPU_BKC
136,r006s001.zp31l10c01,4U CC EGS,4189,Online,GDC,EGS - SPR,Archer City,Sapphire Rapids,IPU_DPMO
137,r006s002.zp31l10c01,4U CC EGS,4190,Online,GDC,EGS - SPR,Archer City,Sapphire Rapids,VCE
138,r006s003.zp31l10c01,4U CC EGS,4191,Maintenance,GDC,EGS - SPR,Archer City,Sapphire Rapids,IPU
139,r006s004.zp31l10c01,4U CC EGS,4192,Awaiting Arrival,GDC,EGS - SPR,Archer City,Sapphire Rapids,PSG CXL
140,r006s005.zp31l10c01,4U CC EGS,4193,Online,GDC,EGS - SPR,Archer City,Sapphire Rapids,RASP-Golden-CAPI
141,r006s006.zp31l10c01,4U CC EGS,4194,Online,GDC,EGS - SPR,Archer City,Sapphire Rapids,BKC
142,r006s007.zp31l10c01,4U CC EGS,4195,Online,GDC,EGS - SPR,Archer City,Sapphire Rapids,IPU
143,r007s001.zp31l10c01,4U CC EGS,4182,Online,GDC,EGS - SPR,Archer City,Sapphire Rapids,IPU
144,r007s002.zp31l10c01,4U CC EGS,4183,Online,GDC,EGS - SPR,Archer City,Sapphire Rapids,IPU_DPMO
145,r007s003.zp31l10c01,4U CC EGS,4184,Online,GDC,EGS - SPR,Archer City,Sapphire Rapids,IPU_DPMO
146,r007s004.zp31l10c01,4U CC EGS,4185,Online,GDC,EGS - SPR,Archer City,Sapphire Rapids,IPU
147,r007s005.zp31l10c01,4U CC EGS,4186,Online,GDC,EGS - SPR,Archer City,Sapphire Rapids,BKC - Automation
148,r007s006.zp31l10c01,4U CC EGS,4187,Online,GDC,EGS - SPR,Archer City,Sapphire Rapids,IPU_DPMO
149,r007s007.zp31l10c01,4U CC EGS,4188,Maintenance,GDC,EGS - SPR,Archer City,Sapphire Rapids,IPU
150,r008s001.zp31l10c01,4U CC EGS,4175,Online,GDC,EGS - SPR,Archer City,Sapphire Rapids,IPU
151,r008s002.zp31l10c01,4U CC EGS,4176,Online,GDC,EGS - SPR,Archer City,Sapphire Rapids,IPU_DPMO
152,r008s003.zp31l10c01,4U CC EGS,4177,Maintenance,GDC,EGS - SPR,Archer City,Sapphire Rapids,IPU
153,r008s004.zp31l10c01,4U CC EGS,4178,Online,GDC,EGS - SPR,Archer City,Sapphire Rapids,BKC - Automation
154,r008s005.zp31l10c01,4U CC EGS,4179,Online,GDC,EGS - SPR,Archer City,Sapphire Rapids,Sample Factory
155,r008s006.zp31l10c01,4U CC EGS,4180,Online,GDC,EGS - SPR,Archer City,Sapphire Rapids,BKC
156,r008s007.zp31l10c01,4U CC EGS,4181,Online,GDC,EGS - SPR,Archer City,Sapphire Rapids,IPU_BKC
157,r009s001.zp31l10c01,4U CC EGS,4252,Maintenance,GDC,EGS - SPR,Archer City,Sapphire Rapids,IPU
158,r009s002.zp31l10c01,4U CC EGS,4253,Online,GDC,EGS - SPR,Archer City,Sapphire Rapids,BKC - RAS
159,r009s003.zp31l10c01,4U CC EGS,4254,Online,GDC,EGS - SPR,Archer City,Sapphire Rapids,PV-Interop
160,r009s004.zp31l10c01,4U CC EGS,4255,Online,GDC,EGS - SPR,Archer City,Sapphire Rapids,IPU
161,r009s005.zp31l10c01,4U CC EGS,4256,Online,GDC,EGS - SPR,Archer City,Sapphire Rapids,BKC - Virtualization
162,r009s006.zp31l10c01,4U CC EGS,4257,Online,GDC,EGS - SPR,Archer City,Sapphire Rapids,VCE
163,r009s007.zp31l10c01,4U CC EGS,4258,Online,GDC,EGS - SPR,Archer City,Sapphire Rapids,BKC - Virtualization
164,r010s001.zp31l10c01,4U CC EGS,4245,Online,GDC,EGS - SPR,Archer City,Sapphire Rapids,IPU
165,r010s002.zp31l10c01,4U CC EGS,4246,Online,GDC,EGS - SPR,Archer City,Sapphire Rapids,IPU
166,r010s003.zp31l10c01,4U CC EGS,4247,Online,GDC,EGS - SPR,Archer City,Sapphire Rapids,IPU
167,r010s004.zp31l10c01,4U CC EGS,4248,Online,GDC,EGS - SPR,Archer City,Sapphire Rapids,BKC - Manageability
168,r010s005.zp31l10c01,4U CC EGS,4249,Online,GDC,EGS - SPR,Archer City,Sapphire Rapids,BKC - Manageability
169,r010s006.zp31l10c01,4U CC EGS,4250,Online,GDC,EGS - SPR,Archer City,Sapphire Rapids,IPU
170,r010s007.zp31l10c01,4U CC EGS,4251,Online,GDC,EGS - SPR,Archer City,Sapphire Rapids,BKC - RDT
171,r011s001.zp31l10c01,4U CC EGS,4238,Online,GDC,EGS - SPR,Archer City,Sapphire Rapids,IPU
172,r011s002.zp31l10c01,4U CC EGS,4239,Online,GDC,EGS - SPR,Archer City,Sapphire Rapids,IPU
173,r011s003.zp31l10c01,4U CC EGS,4240,Online,GDC,EGS - SPR,Archer City,Sapphire Rapids,VCE
174,r011s004.zp31l10c01,4U CC EGS,4241,Online,GDC,EGS - SPR,Archer City,Sapphire Rapids,IPU
175,r011s005.zp31l10c01,4U CC EGS,4242,Online,GDC,EGS - SPR,Archer City,Sapphire Rapids,BKC - Virtualization
176,r011s006.zp31l10c01,4U CC EGS,4243,Online,GDC,EGS - SPR,Archer City,Sapphire Rapids,IPU
177,r011s007.zp31l10c01,4U CC EGS,4244,Online,GDC,EGS - SPR,Archer City,Sapphire Rapids,IPU
178,r012s001.zp31l10c01,4U CC EGS,4231,Online,GDC,EGS - SPR,Archer City,Sapphire Rapids,IPU
179,r012s002.zp31l10c01,4U CC EGS,4232,Maintenance,GDC,EGS - SPR,Archer City,Sapphire Rapids,IPU
180,r012s003.zp31l10c01,4U CC EGS,4233,Online,GDC,EGS - SPR,Archer City,Sapphire Rapids,BKC - Security
181,r012s004.zp31l10c01,4U CC EGS,4234,Online,GDC,EGS - SPR,Archer City,Sapphire Rapids,IPU
182,r012s005.zp31l10c01,4U CC EGS,4235,Online,GDC,EGS - SPR,Archer City,Sapphire Rapids,BKC - Security
183,r012s006.zp31l10c01,4U CC EGS,4236,Online,GDC,EGS - SPR,Archer City,Sapphire Rapids,BKC - PTU Team
184,r012s007.zp31l10c01,4U CC EGS,4237,Online,GDC,EGS - SPR,Archer City,Sapphire Rapids,IPU
185,r013s001.zp31l10c01,4U CC EGS,4210,Maintenance,GDC,EGS - SPR,Archer City,Sapphire Rapids,@Scale clusters
186,r013s002.zp31l10c01,4U CC EGS,4211,Online,GDC,EGS - SPR,Archer City,Sapphire Rapids,IPU_DPMO
187,r013s003.zp31l10c01,4U CC EGS,4212,Maintenance,GDC,EGS - SPR,Archer City,Sapphire Rapids,@Scale clusters
188,r013s004.zp31l10c01,4U CC EGS,4213,Online,GDC,EGS - SPR,Archer City,Sapphire Rapids,QAT TF 2s
189,r013s005.zp31l10c01,4U CC EGS,4214,Online,GDC,EGS - SPR,Archer City,Sapphire Rapids,IPU
190,r013s006.zp31l10c01,4U CC EGS,4215,Maintenance,GDC,EGS - SPR,Archer City,Sapphire Rapids,@Scale clusters
191,r013s007.zp31l10c01,4U CC EGS,4216,Maintenance,GDC,EGS - SPR,Archer City,Sapphire Rapids,@Scale clusters
192,r014s001.zp31l10c01,4U CC EGS,4203,Online,GDC,EGS - SPR,Archer City,Sapphire Rapids,IO subsystem
193,r014s002.zp31l10c01,4U CC EGS,4204,Online,GDC,EGS - SPR,Archer City,Sapphire Rapids,IO subsystem
194,r014s003.zp31l10c01,4U CC EGS,4205,Online,GDC,EGS - SPR,Archer City,Sapphire Rapids,IO subsystem
195,r014s004.zp31l10c01,4U CC EGS,4206,Online,GDC,EGS - SPR,Archer City,Sapphire Rapids,IPU
196,r014s005.zp31l10c01,4U CC EGS,4207,Online,GDC,EGS - SPR,Archer City,Sapphire Rapids,IAGS SFP FIA (BIOS CI automation)
197,r014s006.zp31l10c01,4U CC EGS,4208,Online,GDC,EGS - SPR,Archer City,Sapphire Rapids,IPU
198,r014s007.zp31l10c01,4U CC EGS,4209,Online,GDC,EGS - SPR,Archer City,Sapphire Rapids,VEI Service framework benchmark
199,r015s001.zp31l10c01,4U CC EGS,5642,Online,GDC,EGS - SPR,Archer City,Sapphire Rapids,BKC - OS Provisioning
200,r015s002.zp31l10c01,4U CC EGS,5643,Online,GDC,EGS - SPR,Archer City,Sapphire Rapids,IPU_BKC
201,r015s003.zp31l10c01,4U CC EGS,5644,Online,GDC,EGS - SPR,Archer City,Sapphire Rapids,IPU
202,r015s004.zp31l10c01,4U CC EGS,5645,Online,GDC,EGS - SPR,Archer City,Sapphire Rapids,Kernel OTC
203,r015s005.zp31l10c01,4U CC EGS,5646,Maintenance,GDC,EGS - SPR,Archer City,Sapphire Rapids,IPU
204,r015s006.zp31l10c01,4U CC EGS,5647,Maintenance,GDC,EGS - SPR,Archer City,Sapphire Rapids,IPU
205,r015s007.zp31l10c01,4U CC EGS,5648,Online,GDC,EGS - SPR,Archer City,Sapphire Rapids,IPU
206,r016s001.zp31l10c01,4U CC EGS,5635,Online,GDC,EGS - SPR,Archer City,Sapphire Rapids,PV-Interop
207,r016s002.zp31l10c01,4U CC EGS,5636,Online,GDC,EGS - SPR,Archer City,Sapphire Rapids,BKC - Debug
208,r016s003.zp31l10c01,4U CC EGS,5637,Online,GDC,EGS - SPR,Archer City,Sapphire Rapids,PV-Interop
209,r016s004.zp31l10c01,4U CC EGS,5638,Online,GDC,EGS - SPR,Archer City,Sapphire Rapids,PV-Interop
210,r016s005.zp31l10c01,4U CC EGS,5639,Online,GDC,EGS - SPR,Archer City,Sapphire Rapids,PV-Interop
211,r016s006.zp31l10c01,4U CC EGS,5640,Online,GDC,EGS - SPR,Archer City,Sapphire Rapids,PV-Interop
212,r016s007.zp31l10c01,4U CC EGS,5641,Online,GDC,EGS - SPR,Archer City,Sapphire Rapids,PV-Interop
213,r018s001.zp31l10c01,4U CC EGS,4777,Maintenance,GDC,EGS - SPR,Archer City,Sapphire Rapids,IPU
214,r018s002.zp31l10c01,4U CC EGS,4778,Online,GDC,EGS - SPR,Archer City,Sapphire Rapids,IPU
215,r018s003.zp31l10c01,4U CC EGS,4779,Online,GDC,EGS - SPR,Archer City,Sapphire Rapids,IPU
216,r018s004.zp31l10c01,4U CC EGS,4780,Online,GDC,EGS - SPR,Archer City,Sapphire Rapids,BKC - Security
217,r018s005.zp31l10c01,4U CC EGS,4781,Online,GDC,EGS - SPR,Archer City,Sapphire Rapids,BKC - Security
218,r018s006.zp31l10c01,4U CC EGS,4782,Online,GDC,EGS - SPR,Archer City,Sapphire Rapids,BKC - Security
219,r018s007.zp31l10c01,4U CC EGS,4783,Online,GDC,EGS - SPR,Archer City,Sapphire Rapids,IPU
220,r019s001.zp31l10c01,4U CC EGS,4784,Online,GDC,EGS - SPR,Archer City,Sapphire Rapids,PV-Interop
221,r019s002.zp31l10c01,4U CC EGS,4785,Online,GDC,EGS - SPR,Archer City,Sapphire Rapids,Seamless
222,r019s003.zp31l10c01,4U CC EGS,4786,Online,GDC,EGS - SPR,Archer City,Sapphire Rapids,Seamless
223,r019s004.zp31l10c01,4U CC EGS,4787,Online,GDC,EGS - SPR,Archer City,Sapphire Rapids,RASP CPS Flashing
224,r019s005.zp31l10c01,4U CC EGS,4788,Online,GDC,EGS - SPR,Archer City,Sapphire Rapids,IO subsystem
225,r019s006.zp31l10c01,4U CC EGS,4789,Online,GDC,EGS - SPR,Archer City,Sapphire Rapids,IPU
226,r019s007.zp31l10c01,4U CC EGS,4790,Online,GDC,EGS - SPR,Archer City,Sapphire Rapids,PV-Interop
227,r020s001.zp31l10c01,4U CC EGS,4791,Online,GDC,EGS - SPR,Archer City,Sapphire Rapids,Seamless
228,r020s002.zp31l10c01,4U CC EGS,4792,Online,GDC,EGS - SPR,Archer City,Sapphire Rapids,BKC - Automation
229,r020s003.zp31l10c01,4U CC EGS,4793,Online,GDC,EGS - SPR,Archer City,Sapphire Rapids,Seamless
230,r020s004.zp31l10c01,4U CC EGS,4794,Online,GDC,EGS - SPR,Archer City,Sapphire Rapids,Seamless
231,r020s005.zp31l10c01,4U CC EGS,4795,Online,GDC,EGS - SPR,Archer City,Sapphire Rapids,IPU
232,r020s006.zp31l10c01,4U CC EGS,4796,Maintenance,GDC,EGS - SPR,Archer City,Sapphire Rapids,IPU
233,r020s007.zp31l10c01,4U CC EGS,4797,Online,GDC,EGS - SPR,Archer City,Sapphire Rapids,IPU
234,r021s001.zp31l10c01,4U CC EGS,4798,Online,GDC,EGS - SPR,Archer City,Sapphire Rapids,IPU
235,r021s002.zp31l10c01,4U CC EGS,4799,Online,GDC,EGS - SPR,Archer City,Sapphire Rapids,IPU
236,r021s003.zp31l10c01,4U CC EGS,4800,Online,GDC,EGS - SPR,Archer City,Sapphire Rapids,PV-Interop
237,r021s004.zp31l10c01,4U CC EGS,4801,Online,GDC,EGS - SPR,Archer City,Sapphire Rapids,PV-Interop
238,r021s005.zp31l10c01,4U CC EGS,4802,Online,GDC,EGS - SPR,Archer City,Sapphire Rapids,PV-Interop
239,r021s006.zp31l10c01,4U CC EGS,4803,Online,GDC,EGS - SPR,Archer City,Sapphire Rapids,PV-Interop
240,r021s007.zp31l10c01,4U CC EGS,4804,Online,GDC,EGS - SPR,Archer City,Sapphire Rapids,IPU
241,r022s001.zp31l10c01,4U CC EGS,4217,Online,GDC,EGS - SPR,Archer City,Sapphire Rapids,QAT TF 2s
242,r022s002.zp31l10c01,4U CC EGS,4218,Online,GDC,EGS - SPR,Archer City,Sapphire Rapids,QAT - Upstream
243,r022s003.zp31l10c01,4U CC EGS,4219,Online,GDC,EGS - SPR,Archer City,Sapphire Rapids,QAT - Upstream
244,r022s004.zp31l10c01,4U CC EGS,4220,Online,GDC,EGS - SPR,Archer City,Sapphire Rapids,IPU
245,r022s005.zp31l10c01,4U CC EGS,4221,Online,GDC,EGS - SPR,Archer City,Sapphire Rapids,QAT Cust App
246,r022s006.zp31l10c01,4U CC EGS,4222,Online,GDC,EGS - SPR,Archer City,Sapphire Rapids,VEI Service framework benchmark
247,r022s007.zp31l10c01,4U CC EGS,4223,Online,GDC,EGS - SPR,Archer City,Sapphire Rapids,QAT
248,r023s001.zp31l10c01,4U CC EGS,4224,Online,GDC,EGS - SPR,Archer City,Sapphire Rapids,BKC - Security
249,r023s002.zp31l10c01,4U CC EGS,4225,Online,GDC,EGS - SPR,Archer City,Sapphire Rapids,IPU
250,r023s003.zp31l10c01,4U CC EGS,4226,Maintenance,GDC,EGS - SPR,Archer City,Sapphire Rapids,IPU
251,r023s004.zp31l10c01,4U CC EGS,4227,Online,GDC,EGS - SPR,Archer City,Sapphire Rapids,BKC - Security
252,r023s005.zp31l10c01,4U CC EGS,4228,Online,GDC,EGS - SPR,Archer City,Sapphire Rapids,SFR NW and storage TCD
253,r023s006.zp31l10c01,4U CC EGS,4229,Online,GDC,EGS - SPR,Archer City,Sapphire Rapids,Seamless IFWI
254,r023s007.zp31l10c01,4U CC EGS,4230,Maintenance,GDC,EGS - SPR,Archer City,Sapphire Rapids,IPU
255,r024s001.zp31l10c01,4U CC EGS,4770,Online,GDC,EGS - SPR,Archer City,Sapphire Rapids,Seamless
256,r024s002.zp31l10c01,4U CC EGS,4771,Online,GDC,EGS - SPR,Archer City,Sapphire Rapids,SDSI
257,r024s003.zp31l10c01,4U CC EGS,4772,Online,GDC,EGS - SPR,Archer City,Sapphire Rapids,Seamless
258,r024s004.zp31l10c01,4U CC EGS,4773,Online,GDC,EGS - SPR,Archer City,Sapphire Rapids,PV-Interop
259,r024s005.zp31l10c01,4U CC EGS,4774,Online,GDC,EGS - SPR,Archer City,Sapphire Rapids,IPU
260,r024s006.zp31l10c01,4U CC EGS,4775,Online,GDC,EGS - SPR,Archer City,Sapphire Rapids,PAIV Debug
261,r024s007.zp31l10c01,4U CC EGS,4776,Online,GDC,EGS - SPR,Archer City,Sapphire Rapids,IPU
262,r025s001.zp31l10c01,4U CC EGS,5331,Online,GDC,EGS - SPR,Archer City,Sapphire Rapids,IPU
263,r025s002.zp31l10c01,4U CC EGS,5332,Online,GDC,EGS - SPR,Archer City,Sapphire Rapids,IPU
264,r025s003.zp31l10c01,4U CC EGS,5333,Online,GDC,EGS - SPR,Archer City,Sapphire Rapids,IO subsystem
265,r025s004.zp31l10c01,4U CC EGS,5334,Online,GDC,EGS - SPR,Archer City,Sapphire Rapids,IPU
266,r025s005.zp31l10c01,4U CC EGS,5335,Maintenance,GDC,EGS - SPR,Archer City,Sapphire Rapids,IPU
267,r025s006.zp31l10c01,4U CC EGS,5336,Online,GDC,EGS - SPR,Archer City,Sapphire Rapids,IPU
268,r025s007.zp31l10c01,4U CC EGS,5330,Online,GDC,EGS - SPR,Archer City,Sapphire Rapids,IPU
269,r026s001.zp31l10c01,4U CC EGS,97837,Online,GDC,EGS - SPR,Archer City,Sapphire Rapids,IPU
270,r026s002.zp31l10c01,4U CC EGS,97838,Online,GDC,EGS - SPR,Archer City,Sapphire Rapids,WSF validation
271,r026s003.zp31l10c01,4U CC EGS,97839,Online,GDC,EGS - SPR,Archer City,Sapphire Rapids,IPU
272,r026s004.zp31l10c01,4U CC EGS,97840,Online,GDC,EGS - SPR,Archer City,Sapphire Rapids,IPU
273,r026s005.zp31l10c01,4U CC EGS,97623,Maintenance,GDC,EGS - SPR,Archer City,Sapphire Rapids,IPU
274,r026s006.zp31l10c01,4U CC EGS,97841,Online,GDC,EGS - SPR,Archer City,Sapphire Rapids,PnP
275,r026s007.zp31l10c01,4U CC EGS,97842,Online,GDC,EGS - SPR,Archer City,Sapphire Rapids,CESG SW
276,r027s001.zp31l10c01,4U CC EGS,97843,Online,GDC,EGS - SPR,Archer City,Sapphire Rapids,PnP
277,r027s002.zp31l10c01,4U CC EGS,97844,Online,GDC,EGS - SPR,Archer City,Sapphire Rapids,Seamless
278,r027s003.zp31l10c01,4U CC EGS,97845,Online,GDC,EGS - SPR,Archer City,Sapphire Rapids,CESG SW
279,r027s004.zp31l10c01,4U CC EGS,97846,Online,GDC,EGS - SPR,Archer City,Sapphire Rapids,CESG SW
280,r027s005.zp31l10c01,4U CC EGS,97847,Online,GDC,EGS - SPR,Archer City,Sapphire Rapids,CESG SW
281,r027s006.zp31l10c01,4U CC EGS,97848,Online,GDC,EGS - SPR,Archer City,Sapphire Rapids,IPU
282,r027s007.zp31l10c01,4U CC EGS,97849,Online,GDC,EGS - SPR,Archer City,Sapphire Rapids,QAT TF 2s
283,r028s001.zp31l10c01,4U CC EGS,97850,Maintenance,GDC,EGS - SPR,Archer City,Sapphire Rapids,IPU
284,r028s002.zp31l10c01,4U CC EGS,97851,Maintenance,GDC,EGS - SPR,Archer City,Sapphire Rapids,IPU
285,r028s003.zp31l10c01,4U CC EGS,97852,Online,GDC,EGS - SPR,Archer City,Sapphire Rapids,IPU
286,r028s004.zp31l10c01,4U CC EGS,101807,Online,GDC,EGS - SPR,Archer City,Sapphire Rapids,IPU
287,r028s005.zp31l10c01,4U CC EGS,101808,Online,GDC,EGS - SPR,Archer City,Sapphire Rapids,IPU
288,r028s006.zp31l10c01,4U CC EGS,101809,Online,GDC,EGS - SPR,Archer City,Sapphire Rapids,IPU
289,r028s007.zp31l10c01,4U CC EGS,101810,Online,GDC,EGS - SPR,Archer City,Sapphire Rapids,IPU
290,r030s001.zp31l10c01,4U CC EGS,113805,Online,GDC,EGS - SPR,Archer City,Sapphire Rapids,IPU
291,r030s002.zp31l10c01,4U CC EGS,113806,Online,GDC,EGS - SPR,Archer City,Sapphire Rapids,IPU
292,r030s003.zp31l10c01,4U CC EGS,113807,Online,GDC,EGS - SPR,Archer City,Sapphire Rapids,IPU
293,r030s004.zp31l10c01,4U CC EGS,113808,Online,GDC,EGS - SPR,Archer City,Sapphire Rapids,VCE
294,r030s005.zp31l10c01,4U CC EGS,113809,Online,GDC,EGS - SPR,Archer City,Sapphire Rapids,TBD
295,r030s006.zp31l10c01,4U CC EGS,113810,Online,GDC,EGS - SPR,Archer City,Sapphire Rapids,TBD
296,r030s007.zp31l10c01,4U CC EGS,113811,Online,GDC,EGS - SPR,Archer City,Sapphire Rapids,TBD
297,r031s001.zp31l10c01,4U CC EGS,113812,Online,GDC,EGS - SPR,Archer City,Sapphire Rapids,IPU
298,r031s002.zp31l10c01,4U CC EGS,113813,Online,GDC,EGS - SPR,Archer City,Sapphire Rapids,QAT
299,r031s003.zp31l10c01,4U CC EGS,113814,Online,GDC,EGS - SPR,Archer City,Sapphire Rapids,CE Custom SKU
300,r031s004.zp31l10c01,4U CC EGS,113815,Maintenance,GDC,EGS - SPR,Archer City,Sapphire Rapids,IPU
301,r031s005.zp31l10c01,4U CC EGS,113816,Online,GDC,EGS - SPR,Archer City,Sapphire Rapids,IPU
302,r031s006.zp31l10c01,4U CC EGS,113817,Online,GDC,EGS - SPR,Archer City,Sapphire Rapids,SGX SW Team
303,r031s007.zp31l10c01,4U CC EGS,113818,Online,GDC,EGS - SPR,Archer City,Sapphire Rapids,TBD
304,r045s005.zp31l10c01,4U CC EGS,R245S005,Online,GDC,EGS - SPR,Archer City,Sapphire Rapids,DevOps
305,r045s006.zp31l10c01,4U CC EGS,R245S006,Online,GDC,EGS - SPR,Archer City,Sapphire Rapids,DevOps
306,r045s007.zp31l10c01,4U CC EGS,R245S007,Online,GDC,EGS - SPR,Archer City,Sapphire Rapids,DevOps
307,r001s002.zp31l02r11,4S EGS,7908,Online,GDC,EGS - SPR,Archer City,Sapphire Rapids,QAT TF 4S
308,r002s001.zp31l02r11,4S EGS,3987,Online,GDC,EGS - SPR,Archer City,Sapphire Rapids,IPU
309,r002s002.zp31l02r11,4S EGS,9442,Online,GDC,EGS - SPR,Archer City,Sapphire Rapids,IPU
310,r003s001.zp31l02r11,4S EGS,3988,Online,GDC,EGS - SPR,Archer City,Sapphire Rapids,IPU
311,r003s002.zp31l02r11,4S EGS,7216,Online,GDC,EGS - SPR,Archer City,Sapphire Rapids,IPU 4S
312,r004s001.zp31l02r11,4S EGS,99110,Online,GDC,EGS - SPR,Archer City,Sapphire Rapids,BKC 4S
313,r005s002.zp31l02r11,4S EGS,99112,Online,GDC,EGS - SPR,Archer City,Sapphire Rapids,QAT TF 4S
314,r006s001.zp31l02r11,4S EGS,99114,Maintenance,GDC,EGS - SPR,Archer City,Sapphire Rapids,QAT TF 4S
315,r007s001.zp31l02r11,POK OC EGS,3989,Online,GDC,EGS - SPR,Archer City,Sapphire Rapids,CAPI
316,r007s002.zp31l02r11,8S EGS,99116,Online,GDC,EGS - SPR,Archer City,Sapphire Rapids,VCE 8S
317,r008s001.zp31l02r11,8S EGS,3990,Online,GDC,EGS - SPR,Archer City,Sapphire Rapids,PM
318,r008s002.zp31l02r11,8S EGS,99120,Online,GDC,EGS - SPR,Archer City,Sapphire Rapids,BKC & DPMO 8S
319,r009s001.zp31l02r11,8S EGS,3991,Online,GDC,EGS - SPR,Archer City,Sapphire Rapids,SSE
320,r009s002.zp31l02r11,8S EGS,99124,Online,GDC,EGS - SPR,Archer City,Sapphire Rapids,BMC 8S
321,r010s001.zp31l02r11,8S EGS,3992,Online,GDC,EGS - SPR,Archer City,Sapphire Rapids,IPU
322,r010s002.zp31l02r11,8S EGS,9900,Online,GDC,EGS - SPR,Archer City,Sapphire Rapids,QAT TF 8S
323,r011s001.zp31l02r11,8S EGS,10072,Maintenance,GDC,EGS - SPR,Archer City,Sapphire Rapids,BKC & DPMO 8S
324,r012s001.zp31l02r11,8S EGS,10068,Online,GDC,EGS - SPR,Archer City,Sapphire Rapids,IPU 8S
325,r013s001.zp31l02r11,POK OC EGS,1738,Maintenance,GDC,EGS - SPR,Archer City,Sapphire Rapids,CAPI
326,r013s003.zp31l02r11,POK OC EGS,3474,Online,GDC,EGS - SPR,Archer City,Sapphire Rapids,VCE
327,r013s005.zp31l02r11,POK OC EGS,3476,Online,GDC,EGS - SPR,Archer City,Sapphire Rapids,BIOS Platform CI
328,r014s001.zp31l02r11,POK OC EGS,3433,Online,GDC,EGS - SPR,Archer City,Sapphire Rapids,IPU
329,r014s002.zp31l02r11,POK OC EGS,3050,Maintenance,GDC,EGS - SPR,Archer City,Sapphire Rapids,IPU
330,r014s003.zp31l02r11,POK OC EGS,3472,Online,GDC,EGS - SPR,Archer City,Sapphire Rapids,VCE
331,r014s004.zp31l02r11,POK OC EGS,3434,Online,GDC,EGS - SPR,Archer City,Sapphire Rapids,VCE
332,r014s005.zp31l02r11,POK OC EGS,3435,Online,GDC,EGS - SPR,Archer City,Sapphire Rapids,Scan at field
333,r015s001.zp31l02r11,POK OC EGS,3467,Online,GDC,EGS - SPR,Archer City,Sapphire Rapids,IPU
334,r015s002.zp31l02r11,POK OC EGS,3468,Online,GDC,EGS - SPR,Archer City,Sapphire Rapids,BIOS
335,r015s003.zp31l02r11,POK OC EGS,3469,Online,GDC,EGS - SPR,Archer City,Sapphire Rapids,IPU
336,r015s004.zp31l02r11,POK OC EGS,3470,Online,GDC,EGS - SPR,Archer City,Sapphire Rapids,QAT TF 2s
337,r015s005.zp31l02r11,POK OC EGS,3471,Online,GDC,EGS - SPR,Archer City,Sapphire Rapids,CAPI-Dev
338,r016s001.zp31l02r11,POK OC EGS,3462,Online,GDC,EGS - SPR,Archer City,Sapphire Rapids,BIOS
339,r016s002.zp31l02r11,POK OC EGS,3463,Online,GDC,EGS - SPR,Archer City,Sapphire Rapids,Seamless IFWI
340,r016s003.zp31l02r11,POK OC EGS,3464,Online,GDC,EGS - SPR,Archer City,Sapphire Rapids,VCE
341,r016s004.zp31l02r11,POK OC EGS,3465,Online,GDC,EGS - SPR,Archer City,Sapphire Rapids,BIOS
342,r016s005.zp31l02r11,POK OC EGS,3466,Online,GDC,EGS - SPR,Archer City,Sapphire Rapids,SDSI
343,r017s001.zp31l02r11,POK OC EGS,3457,Online,GDC,EGS - SPR,Archer City,Sapphire Rapids,Seamless
344,r017s002.zp31l02r11,POK OC EGS,3458,Online,GDC,EGS - SPR,Archer City,Sapphire Rapids,IPU
345,r017s003.zp31l02r11,POK OC EGS,3459,Online,GDC,EGS - SPR,Archer City,Sapphire Rapids,BIOS Platform CI
346,r017s004.zp31l02r11,POK OC EGS,3460,Online,GDC,EGS - SPR,Archer City,Sapphire Rapids,IPU
347,r017s005.zp31l02r11,POK OC EGS,3461,Maintenance,GDC,EGS - SPR,Archer City,Sapphire Rapids,IPU
